[
  {
    "name": "Regierungsbezirk Darmstadt",
    "kreise": [
      {
        "name": "Kreisfreie Städte Nordhessen",
        "gemeinden": [
          { "name": "Darmstadt", "slug": "darmstadt" },
          { "name": "Frankfurt am Main", "slug": "frankfurt" },
          { "name": "Offenbach am Main", "slug": "offenbach" },
          { "name": "Wiesbaden", "slug": "wiesbaden" }
        ]
      },
      {
        "name": "Landkreis Bergstraße",
        "gemeinden": [
          { "name": "Abtsteinach", "slug": "abtsteinach" },
          { "name": "Bensheim", "slug": "bensheim" },
          { "name": "Biblis", "slug": "biblis" },
          { "name": "Birkenau", "slug": "birkenau" },
          { "name": "Bürstadt", "slug": "buerstadt" },
          { "name": "Einhausen", "slug": "einhausen" },
          { "name": "Fürth", "slug": "fuerth" },
          { "name": "Gorxheimertal", "slug": "gorxheimertal" },
          { "name": "Grasellenbach", "slug": "grasellenbach" },
          { "name": "Groß-Rohrheim", "slug": "gross-rohrheim" },
          { "name": "Heppenheim (Bergstraße)", "slug": "heppenheim" },
          { "name": "Hirschhorn (Neckar)", "slug": "hirschhorn" },
          { "name": "Lampertheim", "slug": "lampertheim" },
          { "name": "Lautertal (Odenwald)", "slug": "lautertal_odenwald" },
          { "name": "Lindenfels", "slug": "lindenfels" },
          { "name": "Lorsch", "slug": "lorsch" },
          { "name": "Mörlenbach", "slug": "moerlenbach" },
          { "name": "Neckarsteinach", "slug": "neckarsteinach" },
          { "name": "Rimbach", "slug": "rimbach" },
          { "name": "Viernheim", "slug": "viernheim" },
          { "name": "Wald-Michelbach", "slug": "wald-michelbach" },
          { "name": "Zwingenberg", "slug": "zwingenberg" }
        ]
      },
      {
        "name": "Landkreis Darmstadt-Dieburg",
        "gemeinden": [
          { "name": "Alsbach-Hähnlein", "slug": "alsbach-haehnlein" },
          { "name": "Babenhausen", "slug": "babenhausen" },
          { "name": "Bickenbach", "slug": "bickenbach" },
          { "name": "Dieburg", "slug": "dieburg" },
          { "name": "Eppertshausen", "slug": "eppertshausen" },
          { "name": "Erzhausen", "slug": "erzhausen" },
          { "name": "Fischbachtal", "slug": "fischbachtal" },
          { "name": "Griesheim", "slug": "griesheim" },
          { "name": "Groß-Bieberau", "slug": "gross-bieberau" },
          { "name": "Groß-Umstadt", "slug": "gross-umstadt" },
          { "name": "Groß-Zimmern", "slug": "gross-zimmern" },
          { "name": "Messel", "slug": "messel" },
          { "name": "Modautal", "slug": "modautal" },
          { "name": "Mühltal", "slug": "muehltal" },
          { "name": "Münster (Hessen)", "slug": "muenster" },
          { "name": "Ober-Ramstadt", "slug": "ober-ramstadt" },
          { "name": "Otzberg", "slug": "otzberg" },
          { "name": "Pfungstadt", "slug": "pfungstadt" },
          { "name": "Reinheim", "slug": "reinheim" },
          { "name": "Roßdorf", "slug": "rossdorf" },
          { "name": "Schaafheim", "slug": "schaafheim" },
          { "name": "Seeheim-Jugenheim", "slug": "seeheim-jugenheim" },
          { "name": "Weiterstadt", "slug": "weiterstadt" }
        ]
      },
      {
        "name": "Landkreis Groß-Gerau",
        "gemeinden": [
          { "name": "Biebesheim am Rhein", "slug": "biebesheim" },
          { "name": "Bischofsheim", "slug": "bischofsheim" },
          { "name": "Büttelborn", "slug": "buettelborn" },
          { "name": "Gernsheim", "slug": "gernsheim" },
          { "name": "Ginsheim-Gustavsburg", "slug": "ginsheim-gustavsburg" },
          { "name": "Groß-Gerau", "slug": "gross-gerau" },
          { "name": "Kelsterbach", "slug": "kelsterbach" },
          { "name": "Mörfelden-Walldorf", "slug": "moerfelden-walldorf" },
          { "name": "Nauheim", "slug": "nauheim" },
          { "name": "Raunheim", "slug": "raunheim" },
          { "name": "Riedstadt", "slug": "riedstadt" },
          { "name": "Rüsselsheim am Main", "slug": "ruesselsheim" },
          { "name": "Stockstadt am Rhein", "slug": "stockstadt" },
          { "name": "Trebur", "slug": "trebur" }
        ]
      },
      {
        "name": "Hochtaunuskreis",
        "gemeinden": [
          { "name": "Bad Homburg v. d. Höhe", "slug": "bad_homburg" },
          { "name": "Friedrichsdorf", "slug": "friedrichsdorf" },
          { "name": "Glashütten", "slug": "glashuetten" },
          { "name": "Grävenwiesbach", "slug": "graevenwiesbach" },
          { "name": "Königstein im Taunus", "slug": "koenigstein" },
          { "name": "Kronberg im Taunus", "slug": "kronberg" },
          { "name": "Neu-Anspach", "slug": "neu-anspach" },
          { "name": "Oberursel (Taunus)", "slug": "oberursel" },
          { "name": "Schmitten im Taunus", "slug": "schmitten" },
          { "name": "Steinbach (Taunus)", "slug": "steinbach" },
          { "name": "Usingen", "slug": "usingen" },
          { "name": "Wehrheim", "slug": "wehrheim" },
          { "name": "Weilrod", "slug": "weilrod" }
        ]
      },
      {
        "name": "Main-Kinzig-Kreis",
        "gemeinden": [
          { "name": "Bad Orb", "slug": "bad_orb" },
          { "name": "Bad Soden-Salmünster", "slug": "bad_soden-salmuenster" },
          { "name": "Biebergemünd", "slug": "biebergemuend" },
          { "name": "Birstein", "slug": "birstein" },
          { "name": "Brachttal", "slug": "brachtal" },
          { "name": "Bruchköbel", "slug": "bruchkoebel" },
          { "name": "Erlensee", "slug": "erlensee" },
          { "name": "Flörsbachtal", "slug": "floersbachtal" },
          { "name": "Freigericht", "slug": "freigericht" },
          { "name": "Gelnhausen", "slug": "gelnhausen" },
          { "name": "Großkrotzenburg", "slug": "grosskrotzenburg" },
          { "name": "Gründau", "slug": "gruendau" },
          { "name": "Hammersbach", "slug": "hammersbach" },
          { "name": "Hanau", "slug": "hanau" },
          { "name": "Hasselroth", "slug": "hasselroth" },
          { "name": "Jossgrund", "slug": "jossgrund" },
          { "name": "Langenselbold", "slug": "langenselbold" },
          { "name": "Linsengericht", "slug": "linsengericht" },
          { "name": "Maintal", "slug": "maintal" },
          { "name": "Neuberg", "slug": "neuberg" },
          { "name": "Nidderau", "slug": "nidderau" },
          { "name": "Niederdorfelden", "slug": "niederdorfelden" },
          { "name": "Rodenbach", "slug": "rodenbach" },
          { "name": "Ronneburg", "slug": "ronneburg" },
          { "name": "Schlüchtern", "slug": "schluechtern" },
          { "name": "Schöneck", "slug": "schoeneck" },
          { "name": "Sinntal", "slug": "sinntal" },
          { "name": "Steinau an der Straße", "slug": "steinau" },
          { "name": "Wächtersbach", "slug": "waechtersbach" }
        ]
      },
      {
        "name": "Main-Taunus-Kreis",
        "gemeinden": [
          { "name": "Bad Soden am Taunus", "slug": "bad_soden" },
          { "name": "Eppstein", "slug": "eppstein" },
          { "name": "Eschborn", "slug": "eschborn" },
          { "name": "Flörsheim am Main", "slug": "floersheim" },
          { "name": "Hattersheim am Main", "slug": "hattersheim" },
          { "name": "Hochheim am Main", "slug": "hochheim" },
          { "name": "Hofheim am Taunus", "slug": "hofheim" },
          { "name": "Kelkheim (Taunus)", "slug": "kelkheim" },
          { "name": "Kriftel", "slug": "kriftel" },
          { "name": "Liederbach am Taunus", "slug": "liederbach" },
          { "name": "Schwalbach am Taunus", "slug": "schwalbach" },
          { "name": "Sulzbach (Taunus)", "slug": "sulzbach" }
        ]
      },
      {
        "name": "Odenwaldkreis",
        "gemeinden": [
          { "name": "Bad König", "slug": "bad_koenig" },
          { "name": "Brensbach", "slug": "brensbach" },
          { "name": "Breuberg", "slug": "breuberg" },
          { "name": "Brombachtal", "slug": "brombachtal" },
          { "name": "Erbach", "slug": "erbach" },
          { "name": "Fränkisch-Crumbach", "slug": "fraenkisch-crumbach" },
          { "name": "Höchst i. Odw.", "slug": "hoechst" },
          { "name": "Lützelbach", "slug": "luetzelbach" },
          { "name": "Michelstadt", "slug": "michelstadt" },
          { "name": "Mossautal", "slug": "mossautal" },
          { "name": "Reichelsheim (Odenwald)", "slug": "reichelsheim_odenwald" },
          { "name": "Oberzent", "slug": "oberzent" }
        ]
      },
      {
        "name": "Landkreis Offenbach",
        "gemeinden": [
          { "name": "Dietzenbach", "slug": "dietzenbach" },
          { "name": "Dreieich", "slug": "dreieich" },
          { "name": "Egelsbach", "slug": "egelsbach" },
          { "name": "Hainburg", "slug": "hainburg" },
          { "name": "Heusenstamm", "slug": "heusenstamm" },
          { "name": "Langen (Hessen)", "slug": "langen" },
          { "name": "Mainhausen", "slug": "mainhausen" },
          { "name": "Mühlheim am Main", "slug": "muehlheim" },
          { "name": "Neu-Isenburg", "slug": "neu-isenburg" },
          { "name": "Obertshausen", "slug": "obertshausen" },
          { "name": "Rodgau", "slug": "rodgau" },
          { "name": "Rödermark", "slug": "roedermark" },
          { "name": "Seligenstadt", "slug": "seligenstadt" }
        ]
      },
      {
        "name": "Rheingau-Taunus-Kreis",
        "gemeinden": [
          { "name": "Aarbergen", "slug": "aarbergen" },
          { "name": "Bad Schwalbach", "slug": "bad_schwalbach" },
          { "name": "Eltville am Rhein", "slug": "eltville" },
          { "name": "Geisenheim", "slug": "geisenheim" },
          { "name": "Heidenrod", "slug": "heidenrod" },
          { "name": "Hohenstein", "slug": "hohenstein" },
          { "name": "Hünstetten", "slug": "huenstetten" },
          { "name": "Idstein", "slug": "idstein" },
          { "name": "Kiedrich", "slug": "kiedrich" },
          { "name": "Lorch", "slug": "lorch" },
          { "name": "Niedernhausen", "slug": "niedernhausen" },
          { "name": "Oestrich-Winkel", "slug": "oestrich-winkel" },
          { "name": "Rüdesheim am Rhein", "slug": "ruedesheim" },
          { "name": "Schlangenbad", "slug": "schlangenbad" },
          { "name": "Taunusstein", "slug": "taunusstein" },
          { "name": "Waldems", "slug": "waldems" },
          { "name": "Walluf", "slug": "walluf" }
        ]
      },
      {
        "name": "Wetteraukreis",
        "gemeinden": [
          { "name": "Altenstadt", "slug": "altenstadt" },
          { "name": "Bad Nauheim", "slug": "bad_nauheim" },
          { "name": "Bad Vilbel", "slug": "bad_vilbel" },
          { "name": "Büdingen", "slug": "buedingen" },
          { "name": "Butzbach", "slug": "butzbach" },
          { "name": "Echzell", "slug": "echzell" },
          { "name": "Florstadt", "slug": "florstadt" },
          { "name": "Friedberg (Hessen)", "slug": "friedberg" },
          { "name": "Gedern", "slug": "gedern" },
          { "name": "Glauburg", "slug": "glauburg" },
          { "name": "Hirzenhain", "slug": "hirzenhain" },
          { "name": "Karben", "slug": "karben" },
          { "name": "Kefenrod", "slug": "kefenrod" },
          { "name": "Limeshain", "slug": "limeshain" },
          { "name": "Münzenberg", "slug": "muenzenberg" },
          { "name": "Nidda", "slug": "nidda" },
          { "name": "Niddatal", "slug": "niddatal" },
          { "name": "Ober-Mörlen", "slug": "ober-moerlen" },
          { "name": "Ortenberg", "slug": "ortenberg" },
          { "name": "Ranstadt", "slug": "ranstadt" },
          { "name": "Reichelsheim (Wetterau)", "slug": "reichelsheim_wetterau" },
          { "name": "Rockenberg", "slug": "rockenberg" },
          { "name": "Rosbach v. d. Höhe", "slug": "rosbach" },
          { "name": "Wölfersheim", "slug": "woelfersheim" },
          { "name": "Wöllstadt", "slug": "woellstadt" }
        ]
      }
    ]
  },
  {
    "name": "Regierungsbezirk Gießen",
    "kreise": [
      {
        "name": "Landkreis Gießen",
        "gemeinden": [
          { "name": "Allendorf (Lumda)", "slug": "allendorf_lumda" },
          { "name": "Biebertal", "slug": "biebertal" },
          { "name": "Buseck", "slug": "buseck" },
          { "name": "Fernwald", "slug": "fernwald" },
          { "name": "Gießen", "slug": "giessen" },
          { "name": "Grünberg", "slug": "gruenberg" },
          { "name": "Heuchelheim a. d. Lahn", "slug": "heuchelheim" },
          { "name": "Hungen", "slug": "hungen" },
          { "name": "Langgöns", "slug": "langgoens" },
          { "name": "Laubach", "slug": "laubach" },
          { "name": "Lich", "slug": "lich" },
          { "name": "Linden", "slug": "linden" },
          { "name": "Lollar", "slug": "lollar" },
          { "name": "Pohlheim", "slug": "pohlheim" },
          { "name": "Rabenau", "slug": "rabenau" },
          { "name": "Reiskirchen", "slug": "reiskirchen" },
          { "name": "Staufenberg", "slug": "staufenberg" },
          { "name": "Wettenberg", "slug": "wettenberg" }
        ]
      },
      {
        "name": "Lahn-Dill-Kreis",
        "gemeinden": [
          { "name": "Aßlar", "slug": "asslar" },
          { "name": "Bischoffen", "slug": "bischoffen" },
          { "name": "Braunfels", "slug": "braunfels" },
          { "name": "Breitscheid", "slug": "breitscheid" },
          { "name": "Dietzhölztal", "slug": "dietzhoelztal" },
          { "name": "Dillenburg", "slug": "dillenburg" },
          { "name": "Driedorf", "slug": "driedorf" },
          { "name": "Ehringshausen", "slug": "ehringshausen" },
          { "name": "Eschenburg", "slug": "eschenburg" },
          { "name": "Greifenstein", "slug": "greifenstein" },
          { "name": "Haiger", "slug": "haiger" },
          { "name": "Herborn", "slug": "herborn" },
          { "name": "Hohenahr", "slug": "hohenahr" },
          { "name": "Hüttenberg", "slug": "huettenberg" },
          { "name": "Lahnau", "slug": "lahnau" },
          { "name": "Leun", "slug": "leun" },
          { "name": "Mittenaar", "slug": "mittenaar" },
          { "name": "Schöffengrund", "slug": "schoeffengrund" },
          { "name": "Siegbach", "slug": "siegbach" },
          { "name": "Sinn", "slug": "sinn" },
          { "name": "Solms", "slug": "solms" },
          { "name": "Waldsolms", "slug": "waldsolms" },
          { "name": "Wetzlar", "slug": "wetzlar" }
        ]
      },
      {
        "name": "Landkreis Limburg-Weilburg",
        "gemeinden": [
          { "name": "Beselich", "slug": "beselich" },
          { "name": "Brechen", "slug": "brechen" },
          { "name": "Bad Camberg", "slug": "bad_camberg" },
          { "name": "Dornburg", "slug": "dornburg" },
          { "name": "Elbtal", "slug": "elbtal" },
          { "name": "Elz", "slug": "elz" },
          { "name": "Hadamar", "slug": "hadamar" },
          { "name": "Hünfelden", "slug": "huenfelden" },
          { "name": "Limburg a. d. Lahn", "slug": "limburg" },
          { "name": "Löhnberg", "slug": "loehnberg" },
          { "name": "Mengerskirchen", "slug": "mengerskirchen" },
          { "name": "Merenberg", "slug": "merenberg" },
          { "name": "Runkel", "slug": "runkel" },
          { "name": "Selters (Taunus)", "slug": "selters" },
          { "name": "Villmar", "slug": "villmar" },
          { "name": "Waldbrunn (Westerwald)", "slug": "waldbrunn" },
          { "name": "Weilburg", "slug": "weilburg" },
          { "name": "Weilmünster", "slug": "weilmuenster" },
          { "name": "Weinbach", "slug": "weinbach" }
        ]
      },
      {
        "name": "Landkreis Marburg-Biedenkopf",
        "gemeinden": [
          { "name": "Amöneburg", "slug": "amoeneburg" },
          { "name": "Angelburg", "slug": "angelburg" },
          { "name": "Bad Endbach", "slug": "bad_endbach" },
          { "name": "Biedenkopf", "slug": "biedenkopf" },
          { "name": "Breidenbach", "slug": "breidenbach" },
          { "name": "Cölbe", "slug": "coelbe" },
          { "name": "Dautphetal", "slug": "dautphetal" },
          { "name": "Ebsdorfergrund", "slug": "ebsdorfergrund" },
          { "name": "Fronhausen", "slug": "fronhausen" },
          { "name": "Gladenbach", "slug": "gladenbach" },
          { "name": "Kirchhain", "slug": "kirchhain" },
          { "name": "Lahntal", "slug": "lahntal" },
          { "name": "Lohra", "slug": "lohra" },
          { "name": "Marburg", "slug": "marburg" },
          { "name": "Münchhausen", "slug": "muenchhausen" },
          { "name": "Neustadt (Hessen)", "slug": "neustadt" },
          { "name": "Rauschenberg", "slug": "rauschenberg" },
          { "name": "Stadtallendorf", "slug": "stadtallendorf" },
          { "name": "Steffenberg", "slug": "steffenberg" },
          { "name": "Weimar (Lahn)", "slug": "weimar" },
          { "name": "Wetter (Hessen)", "slug": "wetter" },
          { "name": "Wohratal", "slug": "wohratal" }
        ]
      },
      {
        "name": "Vogelsbergkreis",
        "gemeinden": [
          { "name": "Alsfeld", "slug": "alsfeld" },
          { "name": "Antrifttal", "slug": "antrifttal" },
          { "name": "Feldatal", "slug": "feldatal" },
          { "name": "Freiensteinau", "slug": "freiensteinau" },
          { "name": "Gemünden (Felda)", "slug": "gemuenden_felda" },
          { "name": "Grebenau", "slug": "grebenau" },
          { "name": "Grebenhain", "slug": "grebenhain" },
          { "name": "Herbstein", "slug": "herbstein" },
          { "name": "Homberg (Ohm)", "slug": "homberg_ohm" },
          { "name": "Kirtorf", "slug": "kirtorf" },
          { "name": "Lauterbach (Hessen)", "slug": "lauterbach" },
          { "name": "Lautertal (Vogelsberg)", "slug": "lautertal_vogelsberg" },
          { "name": "Mücke", "slug": "muecke" },
          { "name": "Romrod", "slug": "romrod" },
          { "name": "Schlitz", "slug": "schlitz" },
          { "name": "Schotten", "slug": "schotten" },
          { "name": "Schwalmtal", "slug": "schwalmtal" },
          { "name": "Ulrichstein", "slug": "ulrichstein" },
          { "name": "Wartenberg", "slug": "wartenberg" }
        ]
      }
    ]
  },
  {
    "name": "Regierungsbezirk Kassel",
    "kreise": [
      {
        "name": "Kreisfreie Städte Südhessen",
        "gemeinden": [
          { "name": "Kassel", "slug": "kassel" }
        ]
      },
      {
        "name": "Landkreis Fulda",
        "gemeinden": [
          { "name": "Bad Salzschlirf", "slug": "bad_salzschlirf" },
          { "name": "Burghaun", "slug": "burghaun" },
          { "name": "Dipperz", "slug": "dipperz" },
          { "name": "Ebersburg", "slug": "ebersburg" },
          { "name": "Ehrenberg (Rhön)", "slug": "ehrenberg" },
          { "name": "Eichenzell", "slug": "eichenzell" },
          { "name": "Eiterfeld", "slug": "eiterfeld" },
          { "name": "Flieden", "slug": "flieden" },
          { "name": "Fulda", "slug": "fulda" },
          { "name": "Gersfeld (Rhön)", "slug": "gersfeld" },
          { "name": "Großenlüder", "slug": "grossenlueder" },
          { "name": "Hilders", "slug": "hilders" },
          { "name": "Hofbieber", "slug": "hofbieber" },
          { "name": "Hosenfeld", "slug": "hosenfeld" },
          { "name": "Hünfeld", "slug": "huenfeld" },
          { "name": "Kalbach", "slug": "kalbach" },
          { "name": "Künzell", "slug": "kuenzell" },
          { "name": "Neuhof", "slug": "neuhof" },
          { "name": "Nüsttal", "slug": "nuesttal" },
          { "name": "Petersberg", "slug": "petersberg" },
          { "name": "Poppenhausen (Wasserkuppe)", "slug": "poppenhausen" },
          { "name": "Rasdorf", "slug": "rasdorf" },
          { "name": "Tann (Rhön)", "slug": "tann" }
        ]
      },
      {
        "name": "Landkreis Hersfeld-Rotenburg",
        "gemeinden": [
          { "name": "Alheim", "slug": "alheim" },
          { "name": "Bad Hersfeld", "slug": "bad_hersfeld" },
          { "name": "Bebra", "slug": "bebra" },
          { "name": "Breitenbach a. Herzberg", "slug": "breitenbach" },
          { "name": "Cornberg", "slug": "cornberg" },
          { "name": "Friedewald", "slug": "friedewald" },
          { "name": "Hauneck", "slug": "hauneck" },
          { "name": "Haunetal", "slug": "haunetal" },
          { "name": "Heringen (Werra)", "slug": "heringen" },
          { "name": "Hohenroda", "slug": "hohenroda" },
          { "name": "Kirchheim", "slug": "kirchheim" },
          { "name": "Ludwigsau", "slug": "ludwigsau" },
          { "name": "Nentershausen", "slug": "nentershausen" },
          { "name": "Neuenstein", "slug": "neuenstein" },
          { "name": "Niederaula", "slug": "niederaula" },
          { "name": "Philippsthal (Werra)", "slug": "philippsthal" },
          { "name": "Ronshausen", "slug": "ronshausen" },
          { "name": "Rotenburg a. d. Fulda", "slug": "rotenburg" },
          { "name": "Schenklengsfeld", "slug": "schenklengsfeld" },
          { "name": "Wildeck", "slug": "wildeck" }
        ]
      },
      {
        "name": "Landkreis Kassel",
        "gemeinden": [
          { "name": "Ahnatal", "slug": "ahnatal" },
          { "name": "Bad Karlshafen", "slug": "bad_karlshafen" },
          { "name": "Baunatal", "slug": "baunatal" },
          { "name": "Breuna", "slug": "breuna" },
          { "name": "Calden", "slug": "calden" },
          { "name": "Bad Emstal", "slug": "bad_emstal" },
          { "name": "Espenau", "slug": "espenau" },
          { "name": "Fuldabrück", "slug": "fuldabrueck" },
          { "name": "Fuldatal", "slug": "fuldatal" },
          { "name": "Grebenstein", "slug": "grebenstein" },
          { "name": "Habichtswald", "slug": "habichtswald" },
          { "name": "Helsa", "slug": "helsa" },
          { "name": "Hofgeismar", "slug": "hofgeismar" },
          { "name": "Immenhausen", "slug": "immenhausen" },
          { "name": "Kaufungen", "slug": "kaufungen" },
          { "name": "Liebenau", "slug": "liebenau" },
          { "name": "Lohfelden", "slug": "lohfelden" },
          { "name": "Naumburg", "slug": "naumburg" },
          { "name": "Nieste", "slug": "nieste" },
          { "name": "Niestetal", "slug": "niestetal" },
          { "name": "Reinhardshagen", "slug": "reinhardshagen" },
          { "name": "Schauenburg", "slug": "schauenburg" },
          { "name": "Söhrewald", "slug": "soehrewald" },
          { "name": "Trendelburg", "slug": "trendelburg" },
          { "name": "Vellmar", "slug": "vellmar" },
          { "name": "Wolfhagen", "slug": "wolfhagen" },
          { "name": "Zierenberg", "slug": "zierenberg" },
          { "name": "Wesertal", "slug": "wesertal" }
        ]
      },
      {
        "name": "Schwalm-Eder-Kreis",
        "gemeinden": [
          { "name": "Borken (Hessen)", "slug": "borken" },
          { "name": "Edermünde", "slug": "edermuende" },
          { "name": "Felsberg", "slug": "felsberg" },
          { "name": "Frielendorf", "slug": "frielendorf" },
          { "name": "Fritzlar", "slug": "fritzlar" },
          { "name": "Gilserberg", "slug": "gilserberg" },
          { "name": "Gudensberg", "slug": "gudensberg" },
          { "name": "Guxhagen", "slug": "guxhagen" },
          { "name": "Homberg (Efze)", "slug": "homberg_efze" },
          { "name": "Jesberg", "slug": "jesberg" },
          { "name": "Knüllwald", "slug": "knuellwald" },
          { "name": "Körle", "slug": "koerle" },
          { "name": "Malsfeld", "slug": "malsfeld" },
          { "name": "Melsungen", "slug": "melsungen" },
          { "name": "Morschen", "slug": "morschen" },
          { "name": "Neuental", "slug": "neuental" },
          { "name": "Neukirchen", "slug": "neukirchen" },
          { "name": "Niedenstein", "slug": "niedenstein" },
          { "name": "Oberaula", "slug": "oberaula" },
          { "name": "Ottrau", "slug": "ottrau" },
          { "name": "Schrecksbach", "slug": "schrecksbach" },
          { "name": "Schwalmstadt", "slug": "schwalmstadt" },
          { "name": "Schwarzenborn", "slug": "schwarzenborn" },
          { "name": "Spangenberg", "slug": "spangenberg" },
          { "name": "Wabern", "slug": "wabern" },
          { "name": "Willingshausen", "slug": "willingshausen" },
          { "name": "Bad Zwesten", "slug": "bad_zwesten" }
        ]
      },
      {
        "name": "Landkreis Waldeck-Frankenberg",
        "gemeinden": [
          { "name": "Allendorf (Eder)", "slug": "allendorf_eder" },
          { "name": "Bad Arolsen", "slug": "arolsen" },
          { "name": "Bad Wildungen", "slug": "bad_wildungen" },
          { "name": "Battenberg (Eder)", "slug": "battenberg" },
          { "name": "Burgwald", "slug": "burgwald" },
          { "name": "Diemelsee", "slug": "diemelsee" },
          { "name": "Diemelstadt", "slug": "diemelstadt" },
          { "name": "Edertal", "slug": "edertal" },
          { "name": "Frankenau", "slug": "frankenau" },
          { "name": "Frankenberg (Eder)", "slug": "frankenberg" },
          { "name": "Gemünden (Wohra)", "slug": "gemuenden_wohra" },
          { "name": "Haina (Kloster)", "slug": "haina" },
          { "name": "Hatzfeld (Eder)", "slug": "hatzfeld" },
          { "name": "Korbach", "slug": "korbach" },
          { "name": "Lichtenfels", "slug": "lichtenfels" },
          { "name": "Rosenthal", "slug": "rosenthal" },
          { "name": "Twistetal", "slug": "twistetal" },
          { "name": "Vöhl", "slug": "voehl" },
          { "name": "Volkmarsen", "slug": "volkmarsen" },
          { "name": "Waldeck", "slug": "waldeck" },
          { "name": "Willingen (Upland)", "slug": "willingen" }
        ]
      },
      {
        "name": "Werra-Meißner-Kreis",
        "gemeinden": [
          { "name": "Bad Sooden-Allendorf", "slug": "bad_sooden-allendorf" },
          { "name": "Berkatal", "slug": "berkatal" },
          { "name": "Eschwege", "slug": "eschwege" },
          { "name": "Großalmerode", "slug": "grossalmerode" },
          { "name": "Herleshausen", "slug": "herleshausen" },
          { "name": "Hessisch Lichtenau", "slug": "hessisch" },
          { "name": "Meinhard", "slug": "meinhard" },
          { "name": "Meißner", "slug": "meissner" },
          { "name": "Neu-Eichenberg", "slug": "neu-eichenberg" },
          { "name": "Ringgau", "slug": "ringgau" },
          { "name": "Sontra", "slug": "sontra" },
          { "name": "Waldkappel", "slug": "waldkappel" },
          { "name": "Wanfried", "slug": "wanfried" },
          { "name": "Wehretal", "slug": "wehretal" },
          { "name": "Weißenborn", "slug": "weissenborn" },
          { "name": "Witzenhausen", "slug": "witzenhausen" }
        ]
      }
    ]
  }
]